commit,dataset,regime,centres,arm,query_type,k,radius,repetition,query_count,construction_time_ms,adapt_time_ms,total_query_time_ms,mean_query_time_ms,median_query_time_ms,p95_query_time_ms,std_query_time_ms,mean_distances,mean_index_distances,mean_leaf_distances,mean_reads,mean_writes,mean_nodes_entered,mean_leaves_entered,mean_subtrees_pruned,mean_tau_updates,mean_queue_pops,mean_queue_pops_discarded,mean_result_size,adapt_distances,adapt_reads,adapt_writes,objects_relocated,reverse_relocations,radius_shrink_total,tree_height,node_count,num_objects,index_size_bytes,correct_results,page_size,seed
5ede674,brcities5507,concentrado,2,original,knn,10,0.5,0,100,89.0839,0,14.084,0.14084,0.13855,0.15863,0.013263,370.12,168.66,201.46,68.22,0,68.22,43.22,290.18,41.38,82.82,15.6,10,0,0,0,0,0,0,4,393,5507,403456,1,1024,42
5ede674,brcities5507,concentrado,2,slimdown,knn,10,0.5,0,100,92.3282,3.847,12.8974,0.128974,0.12595,0.156255,0.0143614,358.94,160.95,197.99,63.45,0,63.45,38.45,279.59,37.35,78.41,15.96,10,0,0,0,0,0,0,4,378,5507,403456,1,1024,42
5ede674,brcities5507,concentrado,2,etapa1,knn,10,0.5,0,100,88.1118,18.7577,12.4889,0.124889,0.1229,0.140945,0.0104473,369.98,167.56,202.42,66.27,0,66.27,41.27,292.03,41.18,80.97,15.7,10,24846,8398,774,1083,812,16.2229,4,393,5507,403456,1,1024,42
5ede674,brcities5507,concentrado,2,etapa2,knn,10,0.5,0,100,88.5519,102.007,4.3205,0.043205,0.04365,0.05742,0.008705,125.09,60.26,64.83,19.8,0,19.8,7.79,118.2,22.28,41.81,23.01,10,0,0,0,0,0,0,4,482,5507,494592,1,1024,42
5ede674,brcities5507,concentrado,2,etapa2_data,knn,10,0.5,0,100,89.2658,94.767,4.6898,0.046898,0.0474,0.05838,0.00794703,153.1,70.51,82.59,20.67,0,20.67,10.42,89.41,33.58,38.94,19.27,10,0,0,0,0,0,0,4,465,5507,1.84467e+19,1,1024,42
5ede674,brcities5507,concentrado,2,original,range,10,0.5,0,100,87.8729,0,12.3215,0.123215,0.1216,0.143675,0.0118893,279.79,151.05,128.74,66.01,0,66.01,41.01,307.99,0,0,0,12.77,0,0,0,0,0,0,4,393,5507,403456,1,1024,42
5ede674,brcities5507,concentrado,2,slimdown,range,10,0.5,0,100,81.5771,2.4434,10.6469,0.106469,0.1067,0.121805,0.0100882,269.26,141.35,127.91,60.96,0,60.96,35.96,298.04,0,0,0,12.77,0,0,0,0,0,0,4,378,5507,403456,1,1024,42
5ede674,brcities5507,concentrado,2,etapa1,range,10,0.5,0,100,80.8563,17.9414,10.9123,0.109123,0.1095,0.121345,0.00971312,281.14,149.95,131.19,63.91,0,63.91,38.91,310.09,0,0,0,12.77,23120,7856,754,1073,770,16.2021,4,393,5507,403456,1,1024,42
5ede674,brcities5507,concentrado,2,etapa2,range,10,0.5,0,100,89.918,105.768,3.5558,0.035558,0.03565,0.041965,0.00503513,88.12,43.59,44.53,18,0,18,6.22,139.56,0,0,0,12.77,0,0,0,0,0,0,4,482,5507,494592,1,1024,42
5ede674,brcities5507,concentrado,2,etapa2_data,range,10,0.5,0,100,107.811,97.0671,3.1713,0.031713,0.03145,0.03662,0.00335323,97.28,50.1,47.18,16.22,0,16.22,7.01,99.36,0,0,0,12.77,0,0,0,0,0,0,4,465,5507,1.84467e+19,1,1024,42
5ede674,brcities5507,disperso,8,original,knn,10,0.5,0,100,86.6913,0,9.2796,0.092796,0.0919,0.1383,0.0290323,274.84,126.73,148.11,46.31,0,46.31,25,252.65,29.65,60.25,14.94,10,0,0,0,0,0,0,4,393,5507,403456,1,1024,42
5ede674,brcities5507,disperso,8,slimdown,knn,10,0.5,0,100,103.912,4.7716,13.7075,0.137075,0.12445,0.21338,0.0801224,274.46,121.52,152.94,44.41,0,44.41,23.2,240.81,27.36,58.43,15.02,10,0,0,0,0,0,0,4,378,5507,403456,1,1024,42
5ede674,brcities5507,disperso,8,etapa1,knn,10,0.5,0,100,82.322,18.417,8.6711,0.086711,0.08715,0.12977,0.027123,273.68,125.37,148.31,45.44,0,45.44,24.13,253.25,28.64,59.65,15.21,10,23720,8769,529,557,203,28.7503,4,393,5507,403456,1,1024,42
5ede674,brcities5507,disperso,8,etapa2,knn,10,0.5,0,100,94.0079,107.363,3.1551,0.031551,0.03145,0.04642,0.00857622,89.47,41.93,47.54,13.44,0,13.44,5.33,55.26,13.26,30.51,18.07,10,0,0,0,0,0,0,4,488,5507,500736,1,1024,42
5ede674,brcities5507,disperso,8,etapa2_data,knn,10,0.5,0,100,98.0512,91.4397,3.7079,0.037079,0.0354,0.052185,0.00928564,126.37,64.14,62.23,17.65,0,17.65,8.18,92.11,20.91,39.48,22.83,10,0,0,0,0,0,0,4,466,5507,1.84467e+19,1,1024,42
5ede674,brcities5507,disperso,8,original,range,10,0.5,0,100,83.7511,0,6.9774,0.069774,0.06395,0.11853,0.030016,164.94,101.83,63.11,40.92,0,40.92,20.49,258.95,0,0,0,5.86,0,0,0,0,0,0,4,393,5507,403456,1,1024,42
5ede674,brcities5507,disperso,8,slimdown,range,10,0.5,0,100,85.7414,2.5746,7.1022,0.071022,0.06495,0.11808,0.0298298,161.79,96.59,65.2,39.15,0,39.15,18.85,247.36,0,0,0,5.86,0,0,0,0,0,0,4,378,5507,403456,1,1024,42
5ede674,brcities5507,disperso,8,etapa1,range,10,0.5,0,100,82.6322,15.1797,6.8379,0.068379,0.0628,0.115705,0.0295588,165.28,100.83,64.45,40.37,0,40.37,19.94,259.5,0,0,0,5.86,18517,7356,422,446,125,22.6209,4,393,5507,403456,1,1024,42
5ede674,brcities5507,disperso,8,etapa2,range,10,0.5,0,100,85.1321,99.9497,2.2607,0.022607,0.0175,0.03803,0.00931836,47.78,26.43,21.35,11.86,0,11.86,3.95,72.71,0,0,0,5.86,0,0,0,0,0,0,4,488,5507,500736,1,1024,42
5ede674,brcities5507,disperso,8,etapa2_data,range,10,0.5,0,100,87.7902,96.077,2.7634,0.027634,0.026,0.042705,0.00907876,64.47,40.06,24.41,14.74,0,14.74,5.76,111.92,0,0,0,5.86,0,0,0,0,0,0,4,466,5507,1.84467e+19,1,1024,42
5ede674,brcities5507,uniforme,0,original,knn,10,0.5,0,100,85.8836,0,14.0936,0.140936,0.1386,0.180715,0.0243293,406.53,180.32,226.21,73.55,0,73.55,48.85,276.9,36.51,86.85,14.3,10,0,0,0,0,0,0,4,393,5507,403456,1,1024,42
5ede674,brcities5507,uniforme,0,slimdown,knn,10,0.5,0,100,93.0169,4.792,17.4986,0.174986,0.16965,0.253385,0.0462991,391.22,168.49,222.73,67.8,0,67.8,43.15,267.39,33.17,81.2,14.4,10,0,0,0,0,0,0,4,378,5507,403456,1,1024,42
5ede674,brcities5507,uniforme,0,etapa1,knn,10,0.5,0,100,82.5951,19.4599,15.1092,0.151092,0.1447,0.196825,0.0369753,394.05,177.04,217.01,71.1,0,71.1,46.4,278.86,35.14,84.89,14.79,10,24674,7091,1414,1505,463,54.4131,4,393,5507,403456,1,1024,42
5ede674,brcities5507,uniforme,0,etapa2,knn,10,0.5,0,100,107.644,116.838,6.0091,0.060091,0.06065,0.07953,0.0129693,157.99,81.36,76.63,25.85,0,25.85,11.23,139.36,25.75,42.49,17.64,10,0,0,0,0,0,0,4,475,5507,487424,1,1024,42
5ede674,brcities5507,uniforme,0,etapa2_data,knn,10,0.5,0,100,88.1686,97.5663,4.7215,0.047215,0.04675,0.066465,0.00932574,135.52,66.83,68.69,21.4,0,21.4,9.28,116.46,21.75,38.3,17.9,10,0,0,0,0,0,0,4,465,5507,1.84467e+19,1,1024,42
5ede674,brcities5507,uniforme,0,original,range,10,0.5,0,100,85.3031,0,13.5135,0.135135,0.1358,0.17816,0.0269524,356.36,165.88,190.48,72.14,0,72.14,47.37,293.65,0,0,0,21.72,0,0,0,0,0,0,4,393,5507,403456,1,1024,42
5ede674,brcities5507,uniforme,0,slimdown,range,10,0.5,0,100,86.9092,2.6583,12.851,0.12851,0.13035,0.16629,0.0240143,342.03,153.41,188.62,66.38,0,66.38,41.68,283.9,0,0,0,21.72,0,0,0,0,0,0,4,378,5507,403456,1,1024,42
5ede674,brcities5507,uniforme,0,etapa1,range,10,0.5,0,100,81.3743,18.941,12.3335,0.123335,0.1216,0.16483,0.0249744,345.96,161.86,184.1,69.52,0,69.52,44.75,296.27,0,0,0,21.72,24765,6896,1419,1495,482,58.7622,4,393,5507,403456,1,1024,42
5ede674,brcities5507,uniforme,0,etapa2,range,10,0.5,0,100,86.2481,99.5806,4.9095,0.049095,0.05255,0.066825,0.0120426,134.98,69.09,65.89,24.69,0,24.69,10.39,155.21,0,0,0,21.72,0,0,0,0,0,0,4,475,5507,487424,1,1024,42
5ede674,brcities5507,uniforme,0,etapa2_data,range,10,0.5,0,100,84.5666,94.2193,4.5184,0.045184,0.04615,0.0606,0.0105977,124.27,57.92,66.35,21.32,0,21.32,9.31,132.65,0,0,0,21.72,0,0,0,0,0,0,4,465,5507,1.84467e+19,1,1024,42
5ede674,brcities5507,disperso,8,original,knn,10,0.5,1,100,88.3618,0,9.3153,0.093153,0.0916,0.14556,0.0301168,274.84,126.73,148.11,46.31,0,46.31,25,252.65,29.65,60.25,14.94,10,0,0,0,0,0,0,4,393,5507,403456,1,1024,42
5ede674,brcities5507,disperso,8,slimdown,knn,10,0.5,1,100,100.37,3.2895,9.52,0.0952,0.0913,0.14056,0.0282059,274.46,121.52,152.94,44.41,0,44.41,23.2,240.81,27.36,58.43,15.02,10,0,0,0,0,0,0,4,378,5507,403456,1,1024,42
5ede674,brcities5507,disperso,8,etapa1,knn,10,0.5,1,100,85.7259,19.2939,9.1434,0.091434,0.08965,0.13759,0.0285568,273.68,125.37,148.31,45.44,0,45.44,24.13,253.25,28.64,59.65,15.21,10,23720,8769,529,557,203,28.7503,4,393,5507,403456,1,1024,42
5ede674,brcities5507,disperso,8,etapa2,knn,10,0.5,1,100,87.0506,101.483,2.9049,0.029049,0.02885,0.044015,0.00850115,89.47,41.93,47.54,13.44,0,13.44,5.33,55.26,13.26,30.51,18.07,10,0,0,0,0,0,0,4,488,5507,500736,1,1024,42
5ede674,brcities5507,disperso,8,etapa2_data,knn,10,0.5,1,100,91.6326,99.9025,3.9625,0.039625,0.0386,0.05573,0.00985438,126.37,64.14,62.23,17.65,0,17.65,8.18,92.11,20.91,39.48,22.83,10,0,0,0,0,0,0,4,466,5507,1.84467e+19,1,1024,42
5ede674,brcities5507,disperso,8,original,range,10,0.5,1,100,85.2481,0,7.5233,0.075233,0.0657,0.123025,0.0300644,164.94,101.83,63.11,40.92,0,40.92,20.49,258.95,0,0,0,5.86,0,0,0,0,0,0,4,393,5507,403456,1,1024,42
5ede674,brcities5507,disperso,8,slimdown,range,10,0.5,1,100,87.0677,2.9881,7.2348,0.072348,0.0695,0.116505,0.0290342,161.79,96.59,65.2,39.15,0,39.15,18.85,247.36,0,0,0,5.86,0,0,0,0,0,0,4,378,5507,403456,1,1024,42
5ede674,brcities5507,disperso,8,etapa1,range,10,0.5,1,100,86.4398,14.9631,6.8414,0.068414,0.0632,0.1153,0.0288669,165.28,100.83,64.45,40.37,0,40.37,19.94,259.5,0,0,0,5.86,18517,7356,422,446,125,22.6209,4,393,5507,403456,1,1024,42
5ede674,brcities5507,disperso,8,etapa2,range,10,0.5,1,100,84.8981,99.1048,2.2483,0.022483,0.0172,0.03781,0.00922091,47.78,26.43,21.35,11.86,0,11.86,3.95,72.71,0,0,0,5.86,0,0,0,0,0,0,4,488,5507,500736,1,1024,42
5ede674,brcities5507,disperso,8,etapa2_data,range,10,0.5,1,100,92.3666,93.7307,2.8216,0.028216,0.02725,0.042615,0.00902517,64.47,40.06,24.41,14.74,0,14.74,5.76,111.92,0,0,0,5.86,0,0,0,0,0,0,4,466,5507,1.84467e+19,1,1024,42
5ede674,brcities5507,uniforme,0,original,knn,10,0.5,1,100,86.097,0,14.708,0.14708,0.1468,0.185525,0.0242979,406.53,180.32,226.21,73.55,0,73.55,48.85,276.9,36.51,86.85,14.3,10,0,0,0,0,0,0,4,393,5507,403456,1,1024,42
5ede674,brcities5507,uniforme,0,slimdown,knn,10,0.5,1,100,88.39,3.065,12.913,0.12913,0.1289,0.16104,0.0213408,391.22,168.49,222.73,67.8,0,67.8,43.15,267.39,33.17,81.2,14.4,10,0,0,0,0,0,0,4,378,5507,403456,1,1024,42
5ede674,brcities5507,uniforme,0,etapa1,knn,10,0.5,1,100,89.2378,20.6276,14.2094,0.142094,0.1409,0.1813,0.0251902,394.05,177.04,217.01,71.1,0,71.1,46.4,278.86,35.14,84.89,14.79,10,24674,7091,1414,1505,463,54.4131,4,393,5507,403456,1,1024,42
5ede674,brcities5507,uniforme,0,etapa2,knn,10,0.5,1,100,92.8073,103.097,5.5758,0.055758,0.0558,0.07139,0.0112863,157.99,81.36,76.63,25.85,0,25.85,11.23,139.36,25.75,42.49,17.64,10,0,0,0,0,0,0,4,475,5507,487424,1,1024,42
5ede674,brcities5507,uniforme,0,etapa2_data,knn,10,0.5,1,100,82.3702,90.3671,4.3494,0.043494,0.04285,0.0593,0.00870345,135.52,66.83,68.69,21.4,0,21.4,9.28,116.46,21.75,38.3,17.9,10,0,0,0,0,0,0,4,465,5507,1.84467e+19,1,1024,42
5ede674,brcities5507,uniforme,0,original,range,10,0.5,1,100,84.7157,0,13.4322,0.134322,0.13545,0.17674,0.0266117,356.36,165.88,190.48,72.14,0,72.14,47.37,293.65,0,0,0,21.72,0,0,0,0,0,0,4,393,5507,403456,1,1024,42
5ede674,brcities5507,uniforme,0,slimdown,range,10,0.5,1,100,86.4535,2.7708,12.6159,0.126159,0.12755,0.16346,0.0232001,342.03,153.41,188.62,66.38,0,66.38,41.68,283.9,0,0,0,21.72,0,0,0,0,0,0,4,378,5507,403456,1,1024,42
5ede674,brcities5507,uniforme,0,etapa1,range,10,0.5,1,100,83.0394,18.7843,12.4824,0.124824,0.1252,0.167175,0.0250579,345.96,161.86,184.1,69.52,0,69.52,44.75,296.27,0,0,0,21.72,24765,6896,1419,1495,482,58.7622,4,393,5507,403456,1,1024,42
5ede674,brcities5507,uniforme,0,etapa2,range,10,0.5,1,100,87.8052,102.255,5.1282,0.051282,0.05445,0.068655,0.0132133,134.98,69.09,65.89,24.69,0,24.69,10.39,155.21,0,0,0,21.72,0,0,0,0,0,0,4,475,5507,487424,1,1024,42
5ede674,brcities5507,uniforme,0,etapa2_data,range,10,0.5,1,100,88.3621,95.8815,4.4674,0.044674,0.0448,0.060855,0.0109861,124.27,57.92,66.35,21.32,0,21.32,9.31,132.65,0,0,0,21.72,0,0,0,0,0,0,4,465,5507,1.84467e+19,1,1024,42
5ede674,brcities5507,concentrado,2,original,knn,10,0.5,1,100,82.999,0,13.452,0.13452,0.13235,0.1518,0.00961994,370.12,168.66,201.46,68.22,0,68.22,43.22,290.18,41.38,82.82,15.6,10,0,0,0,0,0,0,4,393,5507,403456,1,1024,42
5ede674,brcities5507,concentrado,2,slimdown,knn,10,0.5,1,100,81.6983,2.9407,13.3351,0.133351,0.121,0.20651,0.03363,358.94,160.95,197.99,63.45,0,63.45,38.45,279.59,37.35,78.41,15.96,10,0,0,0,0,0,0,4,378,5507,403456,1,1024,42
5ede674,brcities5507,concentrado,2,etapa1,knn,10,0.5,1,100,87.2797,20.8039,13.1731,0.131731,0.13095,0.14634,0.0094486,369.98,167.56,202.42,66.27,0,66.27,41.27,292.03,41.18,80.97,15.7,10,24846,8398,774,1083,812,16.2229,4,393,5507,403456,1,1024,42
5ede674,brcities5507,concentrado,2,etapa2,knn,10,0.5,1,100,97.0991,101.987,4.3171,0.043171,0.04275,0.05651,0.00797317,125.09,60.26,64.83,19.8,0,19.8,7.79,118.2,22.28,41.81,23.01,10,0,0,0,0,0,0,4,482,5507,494592,1,1024,42
5ede674,brcities5507,concentrado,2,etapa2_data,knn,10,0.5,1,100,86.1825,95.6884,4.7633,0.047633,0.0488,0.05867,0.00850624,153.1,70.51,82.59,20.67,0,20.67,10.42,89.41,33.58,38.94,19.27,10,0,0,0,0,0,0,4,465,5507,1.84467e+19,1,1024,42
5ede674,brcities5507,concentrado,2,original,range,10,0.5,1,100,86.235,0,11.9644,0.119644,0.12055,0.13304,0.00933684,279.79,151.05,128.74,66.01,0,66.01,41.01,307.99,0,0,0,12.77,0,0,0,0,0,0,4,393,5507,403456,1,1024,42
5ede674,brcities5507,concentrado,2,slimdown,range,10,0.5,1,100,83.0334,2.4737,10.9498,0.109498,0.10905,0.122945,0.00874093,269.26,141.35,127.91,60.96,0,60.96,35.96,298.04,0,0,0,12.77,0,0,0,0,0,0,4,378,5507,403456,1,1024,42
5ede674,brcities5507,concentrado,2,etapa1,range,10,0.5,1,100,80.5421,18.3639,11.1855,0.111855,0.11455,0.126315,0.0102385,281.14,149.95,131.19,63.91,0,63.91,38.91,310.09,0,0,0,12.77,23120,7856,754,1073,770,16.2021,4,393,5507,403456,1,1024,42
5ede674,brcities5507,concentrado,2,etapa2,range,10,0.5,1,100,81.7168,102.282,3.3157,0.033157,0.0336,0.0378,0.00432776,88.12,43.59,44.53,18,0,18,6.22,139.56,0,0,0,12.77,0,0,0,0,0,0,4,482,5507,494592,1,1024,42
5ede674,brcities5507,concentrado,2,etapa2_data,range,10,0.5,1,100,82.2156,89.7951,3.0271,0.030271,0.02995,0.03609,0.00315176,97.28,50.1,47.18,16.22,0,16.22,7.01,99.36,0,0,0,12.77,0,0,0,0,0,0,4,465,5507,1.84467e+19,1,1024,42
5ede674,brcities5507,uniforme,0,original,knn,10,0.5,2,100,80.6608,0,14.2315,0.142315,0.14145,0.18223,0.0260631,406.53,180.32,226.21,73.55,0,73.55,48.85,276.9,36.51,86.85,14.3,10,0,0,0,0,0,0,4,393,5507,403456,1,1024,42
5ede674,brcities5507,uniforme,0,slimdown,knn,10,0.5,2,100,81.4868,2.8725,13.2718,0.132718,0.13025,0.172575,0.0240578,391.22,168.49,222.73,67.8,0,67.8,43.15,267.39,33.17,81.2,14.4,10,0,0,0,0,0,0,4,378,5507,403456,1,1024,42
5ede674,brcities5507,uniforme,0,etapa1,knn,10,0.5,2,100,95.3272,25.1473,14.7795,0.147795,0.14555,0.19443,0.0287866,394.05,177.04,217.01,71.1,0,71.1,46.4,278.86,35.14,84.89,14.79,10,24674,7091,1414,1505,463,54.4131,4,393,5507,403456,1,1024,42
5ede674,brcities5507,uniforme,0,etapa2,knn,10,0.5,2,100,89.7904,102.497,5.7689,0.057689,0.0573,0.076365,0.0126689,157.99,81.36,76.63,25.85,0,25.85,11.23,139.36,25.75,42.49,17.64,10,0,0,0,0,0,0,4,475,5507,487424,1,1024,42
5ede674,brcities5507,uniforme,0,etapa2_data,knn,10,0.5,2,100,91.373,100.128,4.7331,0.047331,0.04675,0.06612,0.00937699,135.52,66.83,68.69,21.4,0,21.4,9.28,116.46,21.75,38.3,17.9,10,0,0,0,0,0,0,4,465,5507,1.84467e+19,1,1024,42
5ede674,brcities5507,uniforme,0,original,range,10,0.5,2,100,85.3324,0,13.8233,0.138233,0.13815,0.181825,0.0314189,356.36,165.88,190.48,72.14,0,72.14,47.37,293.65,0,0,0,21.72,0,0,0,0,0,0,4,393,5507,403456,1,1024,42
5ede674,brcities5507,uniforme,0,slimdown,range,10,0.5,2,100,90.5342,2.6553,13.1563,0.131563,0.13015,0.184475,0.0343553,342.03,153.41,188.62,66.38,0,66.38,41.68,283.9,0,0,0,21.72,0,0,0,0,0,0,4,378,5507,403456,1,1024,42
5ede674,brcities5507,uniforme,0,etapa1,range,10,0.5,2,100,81.7979,19.2756,12.471,0.12471,0.1245,0.17182,0.0256741,345.96,161.86,184.1,69.52,0,69.52,44.75,296.27,0,0,0,21.72,24765,6896,1419,1495,482,58.7622,4,393,5507,403456,1,1024,42
5ede674,brcities5507,uniforme,0,etapa2,range,10,0.5,2,100,86.8507,99.8058,4.8865,0.048865,0.0522,0.066185,0.0119777,134.98,69.09,65.89,24.69,0,24.69,10.39,155.21,0,0,0,21.72,0,0,0,0,0,0,4,475,5507,487424,1,1024,42
5ede674,brcities5507,uniforme,0,etapa2_data,range,10,0.5,2,100,90.5466,95.2908,4.34,0.0434,0.044,0.05824,0.0105288,124.27,57.92,66.35,21.32,0,21.32,9.31,132.65,0,0,0,21.72,0,0,0,0,0,0,4,465,5507,1.84467e+19,1,1024,42
5ede674,brcities5507,concentrado,2,original,knn,10,0.5,2,100,86.6105,0,12.7145,0.127145,0.12585,0.14252,0.00954002,370.12,168.66,201.46,68.22,0,68.22,43.22,290.18,41.38,82.82,15.6,10,0,0,0,0,0,0,4,393,5507,403456,1,1024,42
5ede674,brcities5507,concentrado,2,slimdown,knn,10,0.5,2,100,93.561,3.204,13.2798,0.132798,0.12575,0.208925,0.0256386,358.94,160.95,197.99,63.45,0,63.45,38.45,279.59,37.35,78.41,15.96,10,0,0,0,0,0,0,4,378,5507,403456,1,1024,42
5ede674,brcities5507,concentrado,2,etapa1,knn,10,0.5,2,100,88.3142,20.1769,13.0399,0.130399,0.12835,0.14732,0.0106712,369.98,167.56,202.42,66.27,0,66.27,41.27,292.03,41.18,80.97,15.7,10,24846,8398,774,1083,812,16.2229,4,393,5507,403456,1,1024,42
5ede674,brcities5507,concentrado,2,etapa2,knn,10,0.5,2,100,96.081,102.12,4.2492,0.042492,0.04195,0.055465,0.00789853,125.09,60.26,64.83,19.8,0,19.8,7.79,118.2,22.28,41.81,23.01,10,0,0,0,0,0,0,4,482,5507,494592,1,1024,42
5ede674,brcities5507,concentrado,2,etapa2_data,knn,10,0.5,2,100,86.9413,95.0915,4.643,0.04643,0.0474,0.056575,0.00735019,153.1,70.51,82.59,20.67,0,20.67,10.42,89.41,33.58,38.94,19.27,10,0,0,0,0,0,0,4,465,5507,1.84467e+19,1,1024,42
5ede674,brcities5507,concentrado,2,original,range,10,0.5,2,100,85.3123,0,11.3625,0.113625,0.11315,0.13108,0.00997956,279.79,151.05,128.74,66.01,0,66.01,41.01,307.99,0,0,0,12.77,0,0,0,0,0,0,4,393,5507,403456,1,1024,42
5ede674,brcities5507,concentrado,2,slimdown,range,10,0.5,2,100,87.1682,2.6434,11.2776,0.112776,0.11215,0.125915,0.00818759,269.26,141.35,127.91,60.96,0,60.96,35.96,298.04,0,0,0,12.77,0,0,0,0,0,0,4,378,5507,403456,1,1024,42
5ede674,brcities5507,concentrado,2,etapa1,range,10,0.5,2,100,80.954,17.9272,11.063,0.11063,0.11085,0.126925,0.00950471,281.14,149.95,131.19,63.91,0,63.91,38.91,310.09,0,0,0,12.77,23120,7856,754,1073,770,16.2021,4,393,5507,403456,1,1024,42
5ede674,brcities5507,concentrado,2,etapa2,range,10,0.5,2,100,83.5947,98.2875,3.4567,0.034567,0.035,0.04,0.00392683,88.12,43.59,44.53,18,0,18,6.22,139.56,0,0,0,12.77,0,0,0,0,0,0,4,482,5507,494592,1,1024,42
5ede674,brcities5507,concentrado,2,etapa2_data,range,10,0.5,2,100,86.8816,91.8334,3.0682,0.030682,0.03045,0.035605,0.00311978,97.28,50.1,47.18,16.22,0,16.22,7.01,99.36,0,0,0,12.77,0,0,0,0,0,0,4,465,5507,1.84467e+19,1,1024,42
5ede674,brcities5507,disperso,8,original,knn,10,0.5,2,100,80.4742,0,8.9759,0.089759,0.08845,0.13814,0.0285582,274.84,126.73,148.11,46.31,0,46.31,25,252.65,29.65,60.25,14.94,10,0,0,0,0,0,0,4,393,5507,403456,1,1024,42
5ede674,brcities5507,disperso,8,slimdown,knn,10,0.5,2,100,92.6909,3.2741,9.466,0.09466,0.09255,0.138675,0.0289775,274.46,121.52,152.94,44.41,0,44.41,23.2,240.81,27.36,58.43,15.02,10,0,0,0,0,0,0,4,378,5507,403456,1,1024,42
5ede674,brcities5507,disperso,8,etapa1,knn,10,0.5,2,100,80.7962,19.3418,8.6778,0.086778,0.08515,0.13308,0.028087,273.68,125.37,148.31,45.44,0,45.44,24.13,253.25,28.64,59.65,15.21,10,23720,8769,529,557,203,28.7503,4,393,5507,403456,1,1024,42
5ede674,brcities5507,disperso,8,etapa2,knn,10,0.5,2,100,87.2043,108.861,2.894,0.02894,0.02845,0.04323,0.00850589,89.47,41.93,47.54,13.44,0,13.44,5.33,55.26,13.26,30.51,18.07,10,0,0,0,0,0,0,4,488,5507,500736,1,1024,42
5ede674,brcities5507,disperso,8,etapa2_data,knn,10,0.5,2,100,93.0331,96.4508,3.7987,0.037987,0.03795,0.05084,0.0077347,126.37,64.14,62.23,17.65,0,17.65,8.18,92.11,20.91,39.48,22.83,10,0,0,0,0,0,0,4,466,5507,1.84467e+19,1,1024,42
5ede674,brcities5507,disperso,8,original,range,10,0.5,2,100,80.0726,0,7.148,0.07148,0.065,0.11849,0.0295962,164.94,101.83,63.11,40.92,0,40.92,20.49,258.95,0,0,0,5.86,0,0,0,0,0,0,4,393,5507,403456,1,1024,42
5ede674,brcities5507,disperso,8,slimdown,range,10,0.5,2,100,89.0332,2.7078,7.1093,0.071093,0.0646,0.11721,0.0304852,161.79,96.59,65.2,39.15,0,39.15,18.85,247.36,0,0,0,5.86,0,0,0,0,0,0,4,378,5507,403456,1,1024,42
5ede674,brcities5507,disperso,8,etapa1,range,10,0.5,2,100,85.449,16.2224,7.3511,0.073511,0.06705,0.12316,0.0318527,165.28,100.83,64.45,40.37,0,40.37,19.94,259.5,0,0,0,5.86,18517,7356,422,446,125,22.6209,4,393,5507,403456,1,1024,42
5ede674,brcities5507,disperso,8,etapa2,range,10,0.5,2,100,93.3833,123.136,3.4989,0.034989,0.0276,0.05992,0.0143261,47.78,26.43,21.35,11.86,0,11.86,3.95,72.71,0,0,0,5.86,0,0,0,0,0,0,4,488,5507,500736,1,1024,42
5ede674,brcities5507,disperso,8,etapa2_data,range,10,0.5,2,100,90.9408,95.4297,2.8238,0.028238,0.02755,0.04342,0.00934306,64.47,40.06,24.41,14.74,0,14.74,5.76,111.92,0,0,0,5.86,0,0,0,0,0,0,4,466,5507,1.84467e+19,1,1024,42
5ede674,brcities5507,concentrado,2,original,knn,10,0.5,3,100,86.87,0,13.3924,0.133924,0.1325,0.150205,0.00967013,370.12,168.66,201.46,68.22,0,68.22,43.22,290.18,41.38,82.82,15.6,10,0,0,0,0,0,0,4,393,5507,403456,1,1024,42
5ede674,brcities5507,concentrado,2,slimdown,knn,10,0.5,3,100,95.7025,3.2352,12.8463,0.128463,0.1258,0.15545,0.0146743,358.94,160.95,197.99,63.45,0,63.45,38.45,279.59,37.35,78.41,15.96,10,0,0,0,0,0,0,4,378,5507,403456,1,1024,42
5ede674,brcities5507,concentrado,2,etapa1,knn,10,0.5,3,100,82.7045,18.8604,12.5468,0.125468,0.12365,0.144315,0.0108626,369.98,167.56,202.42,66.27,0,66.27,41.27,292.03,41.18,80.97,15.7,10,24846,8398,774,1083,812,16.2229,4,393,5507,403456,1,1024,42
5ede674,brcities5507,concentrado,2,etapa2,knn,10,0.5,3,100,88.0412,106.805,4.3439,0.043439,0.0431,0.056315,0.00801698,125.09,60.26,64.83,19.8,0,19.8,7.79,118.2,22.28,41.81,23.01,10,0,0,0,0,0,0,4,482,5507,494592,1,1024,42
5ede674,brcities5507,concentrado,2,etapa2_data,knn,10,0.5,3,100,95.264,100.075,4.7092,0.047092,0.04835,0.05832,0.00736863,153.1,70.51,82.59,20.67,0,20.67,10.42,89.41,33.58,38.94,19.27,10,0,0,0,0,0,0,4,465,5507,1.84467e+19,1,1024,42
5ede674,brcities5507,concentrado,2,original,range,10,0.5,3,100,86.3228,0,12.3346,0.123346,0.121,0.137675,0.0163849,279.79,151.05,128.74,66.01,0,66.01,41.01,307.99,0,0,0,12.77,0,0,0,0,0,0,4,393,5507,403456,1,1024,42
5ede674,brcities5507,concentrado,2,slimdown,range,10,0.5,3,100,84.6684,2.5315,10.9467,0.109467,0.10975,0.121165,0.00770112,269.26,141.35,127.91,60.96,0,60.96,35.96,298.04,0,0,0,12.77,0,0,0,0,0,0,4,378,5507,403456,1,1024,42
5ede674,brcities5507,concentrado,2,etapa1,range,10,0.5,3,100,80.753,18.0367,11.0697,0.110697,0.11065,0.12694,0.0119674,281.14,149.95,131.19,63.91,0,63.91,38.91,310.09,0,0,0,12.77,23120,7856,754,1073,770,16.2021,4,393,5507,403456,1,1024,42
5ede674,brcities5507,concentrado,2,etapa2,range,10,0.5,3,100,81.2537,99.3096,3.5043,0.035043,0.0356,0.040305,0.00395281,88.12,43.59,44.53,18,0,18,6.22,139.56,0,0,0,12.77,0,0,0,0,0,0,4,482,5507,494592,1,1024,42
5ede674,brcities5507,concentrado,2,etapa2_data,range,10,0.5,3,100,88.9055,97.351,3.1718,0.031718,0.03155,0.03584,0.002645,97.28,50.1,47.18,16.22,0,16.22,7.01,99.36,0,0,0,12.77,0,0,0,0,0,0,4,465,5507,1.84467e+19,1,1024,42
5ede674,brcities5507,disperso,8,original,knn,10,0.5,3,100,85.9349,0,9.8124,0.098124,0.08705,0.189665,0.0460302,274.84,126.73,148.11,46.31,0,46.31,25,252.65,29.65,60.25,14.94,10,0,0,0,0,0,0,4,393,5507,403456,1,1024,42
5ede674,brcities5507,disperso,8,slimdown,knn,10,0.5,3,100,104.475,3.1082,9.0927,0.090927,0.0892,0.132725,0.0271554,274.46,121.52,152.94,44.41,0,44.41,23.2,240.81,27.36,58.43,15.02,10,0,0,0,0,0,0,4,378,5507,403456,1,1024,42
5ede674,brcities5507,disperso,8,etapa1,knn,10,0.5,3,100,87.1342,19.6296,9.2371,0.092371,0.09085,0.14296,0.0292856,273.68,125.37,148.31,45.44,0,45.44,24.13,253.25,28.64,59.65,15.21,10,23720,8769,529,557,203,28.7503,4,393,5507,403456,1,1024,42
5ede674,brcities5507,disperso,8,etapa2,knn,10,0.5,3,100,93.8386,113.671,3.2654,0.032654,0.0295,0.05209,0.0146168,89.47,41.93,47.54,13.44,0,13.44,5.33,55.26,13.26,30.51,18.07,10,0,0,0,0,0,0,4,488,5507,500736,1,1024,42
5ede674,brcities5507,disperso,8,etapa2_data,knn,10,0.5,3,100,91.2892,94.9677,3.9071,0.039071,0.03925,0.053405,0.00802052,126.37,64.14,62.23,17.65,0,17.65,8.18,92.11,20.91,39.48,22.83,10,0,0,0,0,0,0,4,466,5507,1.84467e+19,1,1024,42
5ede674,brcities5507,disperso,8,original,range,10,0.5,3,100,84.937,0,7.4072,0.074072,0.0681,0.1253,0.0317548,164.94,101.83,63.11,40.92,0,40.92,20.49,258.95,0,0,0,5.86,0,0,0,0,0,0,4,393,5507,403456,1,1024,42
5ede674,brcities5507,disperso,8,slimdown,range,10,0.5,3,100,109.907,2.5788,7.1827,0.071827,0.0657,0.120315,0.0302769,161.79,96.59,65.2,39.15,0,39.15,18.85,247.36,0,0,0,5.86,0,0,0,0,0,0,4,378,5507,403456,1,1024,42
5ede674,brcities5507,disperso,8,etapa1,range,10,0.5,3,100,85.9765,18.5497,7.2521,0.072521,0.0672,0.117425,0.0284623,165.28,100.83,64.45,40.37,0,40.37,19.94,259.5,0,0,0,5.86,18517,7356,422,446,125,22.6209,4,393,5507,403456,1,1024,42
5ede674,brcities5507,disperso,8,etapa2,range,10,0.5,3,100,86.0948,100.695,2.2897,0.022897,0.01805,0.038205,0.00959804,47.78,26.43,21.35,11.86,0,11.86,3.95,72.71,0,0,0,5.86,0,0,0,0,0,0,4,488,5507,500736,1,1024,42
5ede674,brcities5507,disperso,8,etapa2_data,range,10,0.5,3,100,94.0486,93.3257,2.6041,0.026041,0.0252,0.040305,0.00870202,64.47,40.06,24.41,14.74,0,14.74,5.76,111.92,0,0,0,5.86,0,0,0,0,0,0,4,466,5507,1.84467e+19,1,1024,42
5ede674,brcities5507,uniforme,0,original,knn,10,0.5,3,100,82.0239,0,13.9217,0.139217,0.13795,0.17354,0.0232531,406.53,180.32,226.21,73.55,0,73.55,48.85,276.9,36.51,86.85,14.3,10,0,0,0,0,0,0,4,393,5507,403456,1,1024,42
5ede674,brcities5507,uniforme,0,slimdown,knn,10,0.5,3,100,92.4735,3.1115,14.0144,0.140144,0.1362,0.18017,0.0277961,391.22,168.49,222.73,67.8,0,67.8,43.15,267.39,33.17,81.2,14.4,10,0,0,0,0,0,0,4,378,5507,403456,1,1024,42
5ede674,brcities5507,uniforme,0,etapa1,knn,10,0.5,3,100,87.7008,20.6342,14.2469,0.142469,0.1411,0.181,0.0240916,394.05,177.04,217.01,71.1,0,71.1,46.4,278.86,35.14,84.89,14.79,10,24674,7091,1414,1505,463,54.4131,4,393,5507,403456,1,1024,42
5ede674,brcities5507,uniforme,0,etapa2,knn,10,0.5,3,100,94.3083,111.532,5.8602,0.058602,0.059,0.075815,0.0110914,157.99,81.36,76.63,25.85,0,25.85,11.23,139.36,25.75,42.49,17.64,10,0,0,0,0,0,0,4,475,5507,487424,1,1024,42
5ede674,brcities5507,uniforme,0,etapa2_data,knn,10,0.5,3,100,90.0492,94.7917,4.7495,0.047495,0.04635,0.066585,0.00968597,135.52,66.83,68.69,21.4,0,21.4,9.28,116.46,21.75,38.3,17.9,10,0,0,0,0,0,0,4,465,5507,1.84467e+19,1,1024,42
5ede674,brcities5507,uniforme,0,original,range,10,0.5,3,100,81.2846,0,12.9501,0.129501,0.13005,0.16863,0.0257666,356.36,165.88,190.48,72.14,0,72.14,47.37,293.65,0,0,0,21.72,0,0,0,0,0,0,4,393,5507,403456,1,1024,42
5ede674,brcities5507,uniforme,0,slimdown,range,10,0.5,3,100,110.023,2.6668,13.2969,0.132969,0.1295,0.188535,0.03384,342.03,153.41,188.62,66.38,0,66.38,41.68,283.9,0,0,0,21.72,0,0,0,0,0,0,4,378,5507,403456,1,1024,42
5ede674,brcities5507,uniforme,0,etapa1,range,10,0.5,3,100,79.5911,18.3213,12.6539,0.126539,0.1245,0.16761,0.0274355,345.96,161.86,184.1,69.52,0,69.52,44.75,296.27,0,0,0,21.72,24765,6896,1419,1495,482,58.7622,4,393,5507,403456,1,1024,42
5ede674,brcities5507,uniforme,0,etapa2,range,10,0.5,3,100,85.8938,101.224,4.9002,0.049002,0.0524,0.066905,0.0120887,134.98,69.09,65.89,24.69,0,24.69,10.39,155.21,0,0,0,21.72,0,0,0,0,0,0,4,475,5507,487424,1,1024,42
5ede674,brcities5507,uniforme,0,etapa2_data,range,10,0.5,3,100,85.2324,90.8699,4.2561,0.042561,0.04315,0.05672,0.0100461,124.27,57.92,66.35,21.32,0,21.32,9.31,132.65,0,0,0,21.72,0,0,0,0,0,0,4,465,5507,1.84467e+19,1,1024,42
5ede674,brcities5507,disperso,8,original,knn,10,0.5,4,100,82.8567,0,8.8808,0.088808,0.08725,0.13369,0.0279415,274.84,126.73,148.11,46.31,0,46.31,25,252.65,29.65,60.25,14.94,10,0,0,0,0,0,0,4,393,5507,403456,1,1024,42
5ede674,brcities5507,disperso,8,slimdown,knn,10,0.5,4,100,100.111,3.6141,9.7153,0.097153,0.0944,0.13834,0.0279903,274.46,121.52,152.94,44.41,0,44.41,23.2,240.81,27.36,58.43,15.02,10,0,0,0,0,0,0,4,378,5507,403456,1,1024,42
5ede674,brcities5507,disperso,8,etapa1,knn,10,0.5,4,100,84.6311,18.8032,9.4115,0.094115,0.0838,0.15392,0.0335076,273.68,125.37,148.31,45.44,0,45.44,24.13,253.25,28.64,59.65,15.21,10,23720,8769,529,557,203,28.7503,4,393,5507,403456,1,1024,42
5ede674,brcities5507,disperso,8,etapa2,knn,10,0.5,4,100,90.7986,105.613,3.0202,0.030202,0.03025,0.044015,0.00882882,89.47,41.93,47.54,13.44,0,13.44,5.33,55.26,13.26,30.51,18.07,10,0,0,0,0,0,0,4,488,5507,500736,1,1024,42
5ede674,brcities5507,disperso,8,etapa2_data,knn,10,0.5,4,100,98.2797,96.1424,3.7593,0.037593,0.0376,0.05064,0.00765809,126.37,64.14,62.23,17.65,0,17.65,8.18,92.11,20.91,39.48,22.83,10,0,0,0,0,0,0,4,466,5507,1.84467e+19,1,1024,42
5ede674,brcities5507,disperso,8,original,range,10,0.5,4,100,81.0908,0,7.0646,0.070646,0.06465,0.11813,0.0314546,164.94,101.83,63.11,40.92,0,40.92,20.49,258.95,0,0,0,5.86,0,0,0,0,0,0,4,393,5507,403456,1,1024,42
5ede674,brcities5507,disperso,8,slimdown,range,10,0.5,4,100,85.2866,2.7439,6.6416,0.066416,0.06225,0.108915,0.0272835,161.79,96.59,65.2,39.15,0,39.15,18.85,247.36,0,0,0,5.86,0,0,0,0,0,0,4,378,5507,403456,1,1024,42
5ede674,brcities5507,disperso,8,etapa1,range,10,0.5,4,100,81.5385,15.3847,6.9963,0.069963,0.06285,0.11702,0.0300488,165.28,100.83,64.45,40.37,0,40.37,19.94,259.5,0,0,0,5.86,18517,7356,422,446,125,22.6209,4,393,5507,403456,1,1024,42
5ede674,brcities5507,disperso,8,etapa2,range,10,0.5,4,100,80.6801,93.8104,2.1138,0.021138,0.0165,0.0357,0.0089138,47.78,26.43,21.35,11.86,0,11.86,3.95,72.71,0,0,0,5.86,0,0,0,0,0,0,4,488,5507,500736,1,1024,42
5ede674,brcities5507,disperso,8,etapa2_data,range,10,0.5,4,100,80.9252,89.1693,2.6239,0.026239,0.02435,0.04053,0.00900082,64.47,40.06,24.41,14.74,0,14.74,5.76,111.92,0,0,0,5.86,0,0,0,0,0,0,4,466,5507,1.84467e+19,1,1024,42
5ede674,brcities5507,uniforme,0,original,knn,10,0.5,4,100,87.0649,0,14.7257,0.147257,0.1461,0.18639,0.0248616,406.53,180.32,226.21,73.55,0,73.55,48.85,276.9,36.51,86.85,14.3,10,0,0,0,0,0,0,4,393,5507,403456,1,1024,42
5ede674,brcities5507,uniforme,0,slimdown,knn,10,0.5,4,100,95.2721,3.3645,14.6155,0.146155,0.1391,0.18261,0.0404328,391.22,168.49,222.73,67.8,0,67.8,43.15,267.39,33.17,81.2,14.4,10,0,0,0,0,0,0,4,378,5507,403456,1,1024,42
5ede674,brcities5507,uniforme,0,etapa1,knn,10,0.5,4,100,84.8272,20.2971,13.8459,0.138459,0.13675,0.180975,0.028141,394.05,177.04,217.01,71.1,0,71.1,46.4,278.86,35.14,84.89,14.79,10,24674,7091,1414,1505,463,54.4131,4,393,5507,403456,1,1024,42
5ede674,brcities5507,uniforme,0,etapa2,knn,10,0.5,4,100,87.3675,101.877,5.6567,0.056567,0.05555,0.074575,0.0129814,157.99,81.36,76.63,25.85,0,25.85,11.23,139.36,25.75,42.49,17.64,10,0,0,0,0,0,0,4,475,5507,487424,1,1024,42
5ede674,brcities5507,uniforme,0,etapa2_data,knn,10,0.5,4,100,90.3738,96.6771,4.6658,0.046658,0.04595,0.065335,0.00980056,135.52,66.83,68.69,21.4,0,21.4,9.28,116.46,21.75,38.3,17.9,10,0,0,0,0,0,0,4,465,5507,1.84467e+19,1,1024,42
5ede674,brcities5507,uniforme,0,original,range,10,0.5,4,100,81.9565,0,12.8552,0.128552,0.1293,0.168185,0.0260914,356.36,165.88,190.48,72.14,0,72.14,47.37,293.65,0,0,0,21.72,0,0,0,0,0,0,4,393,5507,403456,1,1024,42
5ede674,brcities5507,uniforme,0,slimdown,range,10,0.5,4,100,94.0065,2.9093,12.6394,0.126394,0.12795,0.16653,0.0243373,342.03,153.41,188.62,66.38,0,66.38,41.68,283.9,0,0,0,21.72,0,0,0,0,0,0,4,378,5507,403456,1,1024,42
5ede674,brcities5507,uniforme,0,etapa1,range,10,0.5,4,100,85.7032,19.9711,12.6525,0.126525,0.12275,0.17455,0.02778,345.96,161.86,184.1,69.52,0,69.52,44.75,296.27,0,0,0,21.72,24765,6896,1419,1495,482,58.7622,4,393,5507,403456,1,1024,42
5ede674,brcities5507,uniforme,0,etapa2,range,10,0.5,4,100,87.3827,103.223,5.3378,0.053378,0.05465,0.071065,0.0172593,134.98,69.09,65.89,24.69,0,24.69,10.39,155.21,0,0,0,21.72,0,0,0,0,0,0,4,475,5507,487424,1,1024,42
5ede674,brcities5507,uniforme,0,etapa2_data,range,10,0.5,4,100,90.4945,96.5528,4.4931,0.044931,0.04425,0.06282,0.0127768,124.27,57.92,66.35,21.32,0,21.32,9.31,132.65,0,0,0,21.72,0,0,0,0,0,0,4,465,5507,1.84467e+19,1,1024,42
5ede674,brcities5507,concentrado,2,original,knn,10,0.5,4,100,86.2087,0,13.9739,0.139739,0.1382,0.157245,0.014857,370.12,168.66,201.46,68.22,0,68.22,43.22,290.18,41.38,82.82,15.6,10,0,0,0,0,0,0,4,393,5507,403456,1,1024,42
5ede674,brcities5507,concentrado,2,slimdown,knn,10,0.5,4,100,109.164,2.7697,13.0717,0.130717,0.12475,0.158695,0.0247854,358.94,160.95,197.99,63.45,0,63.45,38.45,279.59,37.35,78.41,15.96,10,0,0,0,0,0,0,4,378,5507,403456,1,1024,42
5ede674,brcities5507,concentrado,2,etapa1,knn,10,0.5,4,100,83.9845,19.0716,13.1006,0.131006,0.1275,0.16402,0.0191699,369.98,167.56,202.42,66.27,0,66.27,41.27,292.03,41.18,80.97,15.7,10,24846,8398,774,1083,812,16.2229,4,393,5507,403456,1,1024,42
5ede674,brcities5507,concentrado,2,etapa2,knn,10,0.5,4,100,96.5324,112.233,5.0659,0.050659,0.0508,0.066415,0.0100701,125.09,60.26,64.83,19.8,0,19.8,7.79,118.2,22.28,41.81,23.01,10,0,0,0,0,0,0,4,482,5507,494592,1,1024,42
5ede674,brcities5507,concentrado,2,etapa2_data,knn,10,0.5,4,100,96.0685,99.711,4.7209,0.047209,0.0482,0.058315,0.00753894,153.1,70.51,82.59,20.67,0,20.67,10.42,89.41,33.58,38.94,19.27,10,0,0,0,0,0,0,4,465,5507,1.84467e+19,1,1024,42
5ede674,brcities5507,concentrado,2,original,range,10,0.5,4,100,89.4833,0,12.2143,0.122143,0.12105,0.140755,0.0147483,279.79,151.05,128.74,66.01,0,66.01,41.01,307.99,0,0,0,12.77,0,0,0,0,0,0,4,393,5507,403456,1,1024,42
5ede674,brcities5507,concentrado,2,slimdown,range,10,0.5,4,100,89.0241,2.6496,11.275,0.11275,0.11225,0.126935,0.00901234,269.26,141.35,127.91,60.96,0,60.96,35.96,298.04,0,0,0,12.77,0,0,0,0,0,0,4,378,5507,403456,1,1024,42
5ede674,brcities5507,concentrado,2,etapa1,range,10,0.5,4,100,82.9211,17.8555,11.2853,0.112853,0.11515,0.12613,0.0109017,281.14,149.95,131.19,63.91,0,63.91,38.91,310.09,0,0,0,12.77,23120,7856,754,1073,770,16.2021,4,393,5507,403456,1,1024,42
5ede674,brcities5507,concentrado,2,etapa2,range,10,0.5,4,100,89.3013,119.133,4.0062,0.040062,0.0379,0.05891,0.00937095,88.12,43.59,44.53,18,0,18,6.22,139.56,0,0,0,12.77,0,0,0,0,0,0,4,482,5507,494592,1,1024,42
5ede674,brcities5507,concentrado,2,etapa2_data,range,10,0.5,4,100,84.4753,92.8139,3.1514,0.031514,0.03135,0.036605,0.00265014,97.28,50.1,47.18,16.22,0,16.22,7.01,99.36,0,0,0,12.77,0,0,0,0,0,0,4,465,5507,1.84467e+19,1,1024,42
